model,epoch,train_loss,epoch_seconds,validation_hr@10,validation_hr@5,validation_ndcg@10,validation_ndcg@5,validation_sampled_auc
gmf,1,0.6831734214429689,16.078041800000392,0.45329087048832273,0.2908704883227176,0.2434913628060669,0.1910992410309411,0.7961676210083855
gmf,2,0.6385451428131306,16.63110719999986,0.4469214437367304,0.2951167728237792,0.24355409028204658,0.19429291505821172,0.8111904608719894
gmf,3,0.5145036304625056,15.089366600000176,0.45329087048832273,0.29830148619957536,0.24812441617519868,0.19777870578541631,0.8181389264191812
gmf,4,0.3893782085021942,15.071939899999961,0.4554140127388535,0.3036093418259023,0.24547669768011296,0.19660332283500692,0.8174526582169893
gmf,5,0.3411233759790414,15.585348599999634,0.4543524416135881,0.30148619957537154,0.24354303978110756,0.1942079252207732,0.8178708529027
gmf,6,0.3247409584135989,14.609991400000581,0.4543524416135881,0.29936305732484075,0.24557277212041234,0.19527957894379194,0.8184820605202772
